{
    "nodes":[{
        "name":"head",
        "matId":0,
        "scale":[15,20,25],
        "translation":[15,20,25],
        "rotation":[0,0.3826834323650898,0,0.9238795325112867],
         "vertices":[-1, 1, 1,
                      1, 1, 1,
                      1,-1, 1,                     
                     -1,-1, 1,

                     1, 1, 1,
                     1, 1,-1, 
                     1,-1,-1,
                     1,-1, 1,

                      1, 1,-1,
                     -1, 1,-1,
                     -1,-1,-1,
                      1,-1,-1,
                      
                     -1, 1,-1,
                     -1, 1, 1, 
                     -1,-1, 1,
                     -1,-1,-1],
        "tex1":[0.25,0.75,
                0.50,0.75,
                0.50,0.50,
                0.25,0.50,

                0.50,0.75,
                0.75,0.75,
                0.75,0.50,
                0.50,0.50,

                0.75,0.75,
                1.00,0.75,
                1.00,0.50,
                0.75,0.50,
                
                0.00,0.75,
                0.25,0.75,
                0.25,0.50,
                0.00,0.50],

        "faces":[0,3,1,
                 1,3,2,

                 4,7,5,
                 7,6,5,

                 8,11,9,
                 11,10,9,

                 12, 15, 13,
                 15, 14, 13

                ] 
    }],
    "materials":[{
        "diffusedCol":[1,1,1],
        "diffusedTex":"assets/face.png",
        "id":0
    }],
    "clip":{
        "name":"Default",
        "duration":0,
        "tracks":[{
            "name":"box01.quaternion",
            "times":[0,1,2],
            "values":[0,0,0,1,
                     0,0.3826834323650898,0,0.9238795325112867,
                     0,0.7071067811865475, 0, 0.7071067811865476
                     ]
        }]
    }
}