{
    "nodes":[{
        "name":"head",
        "matId":0,
        "scale":[15,20,25],
        "translation":[15,20,25],
        "rotation":[0,0.3826834323650898,0,0.9238795325112867],
        "vertices":[0,1,0,    
                    1,-1,1,   
                   -1,-1,1,   
                    1,-1,-1,  
                   -1,-1,-1
        ],
        "tex1":[0.5,1,
                1,0,
                0,0,
                1,0,
                0,0
                ],
        "faces":[0,2,1,
                0,1,3,
                0,3,4,
                0, 4,2]
    }],
    "materials":[{
        "diffusedCol":[1,1,1],
        "diffusedTex":"assets/house.png",
        "id":0
    }],
    "clip":{
        "name":"Default",
        "duration":2,
        "tracks":[{
            "name":"box01.quaternion",
            "times":[0,1,2],
            "values":[0,0,0,1,
                     0,0.3826834323650898,0,0.9238795325112867,
                     0,0.7071067811865475, 0, 0.7071067811865476
                     ]
        }]
    }
}