{
    "metadata":{
        "uv":236,
        "normal":236,
        "position":236,
        "version":3,
        "generator":"io_three",
        "type":"BufferGeometry"
    },
    "data":{
        "attributes":{
            "uv":{
                "array":[0.642321,0.296391,0.641512,0.294359,0.643141,0.294705,0.63966,0.294228,0.640747,0.293097,0.641512,0.294359,0.636756,0.291529,0.641361,0.289671,0.640747,0.293097,0.633109,0.289098,0.643983,0.281663,0.641361,0.289671,0.655139,0.286717,0.646476,0.288826,0.643983,0.281663,0.651259,0.291986,0.646444,0.291612,0.646476,0.288826,0.651259,0.291986,0.656517,0.593589,0.653119,0.596286,0.646444,0.291612,0.645093,0.297152,0.644995,0.29411,0.645093,0.297152,0.643141,0.294705,0.644995,0.29411,0.641361,0.289671,0.646444,0.291612,0.644995,0.29411,0.639077,0.590898,0.636374,0.736764,0.63558,0.589596,0.645093,0.297152,0.642322,0.593578,0.642321,0.296391,0.642321,0.296391,0.639077,0.590898,0.63966,0.294228,0.633109,0.289098,0.63558,0.589596,0.632052,0.590312,0.648112,0.295725,0.653119,0.596286,0.64938,0.597273,0.627821,0.288307,0.632052,0.590312,0.628744,0.5925,0.648112,0.295725,0.645668,0.596165,0.645093,0.297152,0.63966,0.294228,0.63558,0.589596,0.636756,0.291529,0.6464,0.741366,0.641116,0.790245,0.643602,0.738742,0.64938,0.597273,0.6464,0.741366,0.645668,0.596165,0.653119,0.596286,0.655699,0.744438,0.652461,0.744083,0.632052,0.590312,0.636374,0.736764,0.632266,0.73982,0.642322,0.593578,0.640361,0.736691,0.639077,0.590898,0.645668,0.596165,0.643602,0.738742,0.642322,0.593578,0.64938,0.597273,0.652461,0.744083,0.649341,0.743279,0.628744,0.5925,0.632266,0.73982,0.628713,0.745445,0.642467,0.792867,0.641349,0.794548,0.641116,0.790245,0.652461,0.744083,0.642467,0.792867,0.649341,0.743279,0.632266,0.73982,0.641349,0.794548,0.628713,0.745445,0.640361,0.736691,0.640189,0.79149,0.636374,0.736764,0.649341,0.743279,0.641972,0.791156,0.6464,0.741366,0.655699,0.744438,0.642388,0.793652,0.652461,0.744083,0.636374,0.736764,0.640484,0.79301,0.632266,0.73982,0.643602,0.738742,0.640442,0.790398,0.640361,0.736691,0.498963,0.311695,0.00454604,0.95987,0.00372716,0.294043,0.498963,0.311695,0.00454604,0.95987,0.00372716,0.294043,0.498963,0.311695,0.00454604,0.95987,0.00372716,0.294043,0.498963,0.311695,0.00454604,0.95987,0.00372716,0.294043,0.642321,0.296391,0.63966,0.294228,0.641512,0.294359,0.63966,0.294228,0.636756,0.291529,0.640747,0.293097,0.636756,0.291529,0.633109,0.289098,0.641361,0.289671,0.633109,0.289098,0.627821,0.288307,0.643983,0.281663,0.655139,0.286717,0.651259,0.291986,0.646476,0.288826,0.651259,0.291986,0.648112,0.295725,0.646444,0.291612,0.651259,0.291986,0.655139,0.286717,0.656517,0.593589,0.646444,0.291612,0.648112,0.295725,0.645093,0.297152,0.645093,0.297152,0.642321,0.296391,0.643141,0.294705,0.643141,0.294705,0.641512,0.294359,0.640747,0.293097,0.643983,0.281663,0.646476,0.288826,0.639077,0.590898,0.640361,0.736691,0.636374,0.736764,0.645093,0.297152,0.645668,0.596165,0.642322,0.593578,0.642321,0.296391,0.642322,0.593578,0.639077,0.590898,0.633109,0.289098,0.636756,0.291529,0.63558,0.589596,0.648112,0.295725,0.651259,0.291986,0.653119,0.596286,0.627821,0.288307,0.633109,0.289098,0.632052,0.590312,0.648112,0.295725,0.64938,0.597273,0.645668,0.596165,0.63966,0.294228,0.639077,0.590898,0.63558,0.589596,0.6464,0.741366,0.641972,0.791156,0.641116,0.790245,0.64938,0.597273,0.649341,0.743279,0.6464,0.741366,0.653119,0.596286,0.656517,0.593589,0.655699,0.744438,0.632052,0.590312,0.63558,0.589596,0.636374,0.736764,0.642322,0.593578,0.643602,0.738742,0.640361,0.736691,0.645668,0.596165,0.6464,0.741366,0.643602,0.738742,0.64938,0.597273,0.653119,0.596286,0.652461,0.744083,0.628744,0.5925,0.632052,0.590312,0.632266,0.73982,0.640189,0.79149,0.640442,0.790398,0.641116,0.790245,0.641972,0.791156,0.642467,0.792867,0.642388,0.793652,0.641349,0.794548,0.640484,0.79301,0.640189,0.79149,0.652461,0.744083,0.642388,0.793652,0.642467,0.792867,0.632266,0.73982,0.640484,0.79301,0.641349,0.794548,0.640361,0.736691,0.640442,0.790398,0.640189,0.79149,0.649341,0.743279,0.642467,0.792867,0.641972,0.791156,0.655699,0.744438,0.641349,0.794548,0.642388,0.793652,0.636374,0.736764,0.640189,0.79149,0.640484,0.79301,0.643602,0.738742,0.641116,0.790245,0.640442,0.790398,0.498963,0.311695,0.649428,0.901091,0.00454604,0.95987,0.498963,0.311695,0.649428,0.901091,0.00454604,0.95987,0.498963,0.311695,0.649428,0.901091,0.00454604,0.95987,0.498963,0.311695,0.649428,0.901091,0.00454604,0.95987],
                "itemSize":2,
                "type":"Float32Array"
            },